video_id,datetime,title
XT0WblJZqSo,2024-07-04T20:00:09Z,Sheldon Gets Fired | The Big Bang Theory
P2A82K1sG48,2024-07-04T12:00:21Z,Nerds and Their Moms | The Big Bang Theory #shorts
looMyVTPOn8,2024-07-04T07:00:21Z,Funny Moments from Seasons 11 and 12 | The Big Bang Theory
j6YOTFV_w5M,2024-07-03T20:00:16Z,Is Sheldon a Robot? | The Big Bang Theory
UUTQluNYg5I,2024-07-03T17:00:19Z,Professor Proton Picks Leonard Over Sheldon | The Big Bang Theory
W6YoST3hOPQ,2024-07-03T12:00:26Z,These Comic Book Guys Stay Lurking üëÄ | The Big Bang Theory #shorts
Csnef25I-h4,2024-07-02T20:00:04Z,The Sword of Azeroth | The Big Bang Theory
yRn_ESdW8Es,2024-07-02T17:00:41Z,Leonard Rejects Penny&#39;s Proposal | The Big Bang Theory
Nrs8VZhaVTQ,2024-07-02T12:00:32Z,The Girls Debate Over Thor&#39;s Hammer üòÇ | The Big Bang Theory #shorts
e8izofJOJlU,2024-07-01T20:00:25Z,Raj Speaks to Penny for the First Time | The Big Bang Theory
txeCzuxqmbg,2024-07-01T17:00:40Z,Howard Loves Girls&#39; Night | The Big Bang Theory
9wWC_rObwBY,2024-07-01T14:00:06Z,Unforgettable Sheldon Cooper Moments (Season 5) | The Big Bang Theory
FqY91YPcoKY,2024-07-01T12:00:15Z,Leonard Has Better Makeup Than Penny | The Big Bang Theory #shorts
fLwha2wcPVA,2024-06-30T17:00:33Z,Sheldon Isn&#39;t Funny | The Big Bang Theory
k15DOfvW4rg,2024-06-30T12:00:50Z,&quot;Enterprise&quot; üòÇ | The Big Bang Theory #shorts
a71rH2xdZC4,2024-06-29T17:00:00Z,Howard Crashed the Mars Rover | The Big Bang Theory
844Q1aMzDP4,2024-06-29T12:00:05Z,When You&#39;re a Sore Loser | The Big Bang Theory #shorts
SMC3jYN5Oio,2024-06-28T20:00:10Z,Howard Hooks Up with Christy | The Big Bang Theory
684aD8slnjY,2024-06-28T17:00:03Z,Sheldon Is a Terrible Liar | The Big Bang Theory
RQBmUMsLV1s,2024-06-28T16:00:33Z,Catering Crises | The Big Bang Theory
2VNt7MFKDL4,2024-06-28T12:00:03Z,Amy Breaks Down | The Big Bang Theory #shorts
WGCW1fIikpE,2024-06-27T20:00:22Z,The Flash‚Å¥ | The Big Bang Theory
BWQiHL4_pF0,2024-06-27T17:00:14Z,Leonard Hooks Up with Howard‚Äôs Date | The Big Bang Theory
69cqd_0o4VM,2024-06-27T14:00:06Z,Iconic Season 1 Moments (The Boys) | The Big Bang Theory
EhK7YKOetL4,2024-06-27T12:00:12Z,Leonard Needs Help! | The Big Bang Theory #shorts
Q000ict3i-0,2024-06-26T20:00:18Z,Superman Is Rife With Scientific Inaccuracy | The Big Bang Theory
S35qfgli1eE,2024-06-26T17:00:27Z,Howard Tries Peacocking | The Big Bang Theory
cP13Hi0UAZE,2024-06-26T12:00:28Z,You and Stuart... Why? | The Big Bang Theory #shorts
rBzE5yW2RMk,2024-06-25T20:00:16Z,Raj‚Äôs First Interaction With Penny | The Big Bang Theory
wuELM-XQDlM,2024-06-25T17:00:45Z,The Girls Go to the Comic Book Store | The Big Bang Theory
4t214SOmffk,2024-06-25T12:00:05Z,Roller Buddies | The Big Bang Theory #shorts
V40VgN4cq78,2024-06-24T20:00:08Z,Sheldon and Leonard Sneak Into Penny&#39;s Room | The Big Bang Theory
JTaofpl-frQ,2024-06-24T14:00:11Z,Unforgettable Leonard Moments (Season 3) | The Big Bang Theory
W7eLFFyRVd4,2024-06-24T13:00:34Z,Getting to 3rd Base | The Big Bang Theory #shorts
h7K_JjWB_wk,2024-06-23T17:00:34Z,Leonard Gets Proof that Penny Is Real | The Big Bang Theory
qfQDdjrMIbI,2024-06-22T17:00:25Z,The Girls Debate Thor&#39;s Hammer | The Big Bang Theory
dfn4w71UlUw,2024-06-21T20:00:13Z,Sheldon and Leonard Meet Penny | The Big Bang Theory
OqmuEW9yUiQ,2024-06-21T17:00:26Z,Penny Ruins Laundry Night for Sheldon | The Big Bang Theory
AcbV2Os_V9A,2024-06-21T15:00:17Z,Musical Acts | The Big Bang Theory
q6aiLW8nWwc,2024-06-21T13:01:00Z,The #1 Most Common Name in the World üåé | The Big Bang Theory #shorts
rl_fQGwHZr4,2024-06-20T17:00:37Z,Sheldon and Penny do Yoga | The Big Bang Theory
mPkz_IcJAQ8,2024-06-20T14:00:41Z,Hilarious Howard Moments (Season 12) | The Big Bang Theory
5SZxS3Uf7BA,2024-06-20T13:00:05Z,Raj Loves America üá∫üá∏ | The Big Bang Theory #shorts
4xyg9ZY-DTw,2024-06-19T20:00:02Z,Howard and Raj Kiss...Through the Internet | The Big Bang Theory
ohQaA524yfU,2024-06-19T17:00:38Z,Penny Banishes Sheldon from The Cheesecake Factory | The Big Bang Theory
pJyXh25gQVc,2024-06-19T12:00:58Z,Amy Looks Weird Without Her Glasses | The Big Bang Theory #shorts
oEMnXKhk36M,2024-06-18T21:34:17Z,Penny and Raj in Bed Together?! | The Big Bang Theory
9lbvW4BnyNY,2024-06-18T17:00:06Z,Leonard Badly Misreads the Situation | The Big Bang Theory
ojW4DjNiIUo,2024-06-17T20:00:38Z,Leonard Asks Penny for a Favor | The Big Bang Theory
-vnoTjlCoyA,2024-06-17T17:00:00Z,Sheldon Is Being Forced to Take a Vacation | The Big Bang Theory
-vnoTjlCoyA,2024-06-17T17:00:00Z,Sheldon Is Being Forced to Take a Vacation | The Big Bang Theory
OxEc_epF7vM,2024-06-17T14:00:12Z,Unforgettable Leonard Moments (Season 2) | The Big Bang Theory
gb_EV_OZ5yg,2024-06-17T12:00:42Z,Sheldon Feels Snubbed | The Big Bang Theory #shorts
a8ekf7xxySo,2024-06-16T17:00:01Z,Bernadette Ruins a Rare Comic Book | The Big Bang Theory
lcFr808_0Jk,2024-06-16T12:00:50Z,Howard and Raj Had the Best Bromance | The Big Bang Theory #shorts
-hj9-lmttyM,2024-06-15T17:00:00Z,Leonard and Penny Make Dinner Awkward for Everyone | The Big Bang Theory
kkWsVneI4u0,2024-06-15T12:00:54Z,Sheldon Discovers Self-Massage | The Big Bang Theory #shorts
i_clg25beMU,2024-06-14T17:00:34Z,Sheldon Travels to Flatland | The Big Bang Theory
0WExy7I-bgA,2024-06-14T16:00:01Z,Zany Zoological Moments | The Big Bang Theory
gOPio7mgNyE,2024-06-14T12:00:45Z,Leonard Has Tummy Issues | The Big Bang Theory #shorts
4rHq0auphws,2024-06-13T20:00:01Z,Penny‚Äôs Admirer Shows up at Her Door | The Big Bang Theory
22KbpBEOJAo,2024-06-13T20:00:02Z,Sheldon Has to Invite His Brother to His Wedding | The Big Bang Theory
iOkRJzwlnAw,2024-06-13T14:00:37Z,Unforgettable Sheldon Cooper Moments (Season 4) | The Big Bang Theory
OaQsv4LoReY,2024-06-13T12:00:24Z,Sheldon Got LAWYERED | The Big Bang Theory #shorts
97cwa8tyblw,2024-06-12T20:00:06Z,Hannah Montana as explained by Raj | The Big Bang Theory
15cuAzuELOc,2024-06-12T20:00:00Z,Sheldon Asks for Half a Billion Dollars | The Big Bang Theory
fI5n8s23Obk,2024-06-12T12:00:44Z,Sheldon Goes Dancing | The Big Bang Theory #shorts
DHPZldOBo0Y,2024-06-11T20:00:05Z,Howard and Raj Spy on Leonard‚Äôs Date With Penny | The Big Bang Theory
T5j0oNct3rE,2024-06-11T12:00:26Z,Death Star Cake | The Big Bang Theory #shorts
sRenf7VqACo,2024-06-10T17:00:37Z,Howard Walks in on Leonard and Penny | The Big Bang Theory
s1IPhnjHpSk,2024-06-10T14:00:41Z,Funny Moments from Seasons 2 and 3 | The Big Bang Theory
IoVMRL60h8U,2024-06-10T12:00:30Z,Star Wars Christmas? | The Big Bang Theory #shorts
RN-J5B1XBm0,2024-06-09T12:00:24Z,Bernadette&#39;s Burnout Is Real üò• | The Big Bang Theory #shorts
zBpn9vsjscs,2024-06-08T12:01:06Z,Stuarts Retirement Plan üòÇ | The Big Bang Theory #shorts
52oVFesJ2Ew,2024-06-07T23:00:05Z,Penny and Raj Discover a New Comet | The Big Bang Theory
GzW2rmwWlU8,2024-06-07T22:00:22Z,Amy&#39;s Wedding Dress | The Big Bang Theory
JFCmYrNJnms,2024-06-07T21:30:03Z,Everyone&#39;s Got Pink Eye | The Big Bang Theory
usT-sw1xYxQ,2024-06-07T20:00:30Z,Bernadette Hacks Her New Mommy Brain | The Big Bang Theory
hwJad0_4zmA,2024-06-07T12:00:47Z,Sheldon Is Zero Help | The Big Bang Theory #shorts
XmiPD0lhTWc,2024-06-06T20:00:19Z,Hold the Door! | The Big Bang Theory
Y8LZQQFYkvM,2024-06-06T14:00:23Z,Emotional Moments From the Final Season of ‚ÄòThe Big Bang Theory&#39;
lMvUg84HbFg,2024-06-06T12:00:46Z,Who Else Has Done Something Like This? üòÇ | The Big Bang Theory #shorts
iPOPeAMqQKs,2024-06-05T20:00:23Z,Stuart Flirts With the Spanish-Speaking Nannies | The Big Bang Theory
v93CTdPw8DM,2024-06-05T17:00:43Z,Bernadette Plays &#39;Fortnite&#39; | The Big Bang Theory
dzIVFNa00tI,2024-06-05T12:00:41Z,Penny Can&#39;t Be Poached üôÖ | The Big Bang Theory #shorts
H0lHqTr4oCM,2024-06-04T17:00:08Z,Raj Hears Leonard In Trouble | The Big Bang Theory
67y0bg_rzdc,2024-06-04T12:00:07Z,The Most Shocking Moment In the Entire Series üò± | The Big Bang Theory #shorts
RJvzFKtF45w,2024-06-03T20:00:08Z,The Bat Signal | The Big Bang Theory
oK8cHxOESE0,2024-06-03T17:00:36Z,Amy Finally Breaks Down | The Big Bang Theory
f5u1ruhNyA0,2024-06-03T14:00:27Z,Memorable Bernadette Moments (Season 4) | The Big Bang Theory
xHO9LSSUCEs,2024-06-03T12:01:02Z,Penny Runs a Tight Ship ü´° | The Big Bang Theory #shorts
GcNUECybAYI,2024-06-02T17:00:09Z,Raj Decides Who He Wants To Live With | The Big Bang Theory
j2hmMJjY6QQ,2024-06-02T12:00:43Z,Sheldon Loves Baby Testing üë∂üèº | The Big Bang Theory #shorts
YEA4qdadsZw,2024-06-01T17:00:29Z,Bernadette Gets Verbally Abusive Video Game Coaching | The Big Bang Theory
IdEt4A0tsuM,2024-06-01T12:00:24Z,Bernadette Wrote a Book About Howard üìï | The Big Bang Theory #shorts
yA1z_hDG8Pw,2024-05-31T12:01:03Z,That Word Isn&#39;t &#39;Thank&#39; ü§¨ | The Big Bang Theory #shorts
x87lGRSC7o8,2024-05-30T20:00:30Z,Bernadette Gets Help Inducing Labor | The Big Bang Theory
c26y5leItoo,2024-05-30T18:00:20Z,Stuart and Raj Need to Grow Up | The Big Bang Theory
1wLYkWDKkx4,2024-05-30T16:07:45Z,Memorable Penny Moments (Season 1) | The Big Bang Theory
pACgm9alFPQ,2024-05-30T12:00:55Z,Howard Reads &#39;The Frightened Little Astronaut&#39; üë©‚ÄçüöÄ | The Big Bang Theory #shorts
tdEgEnFfxdM,2024-05-29T17:00:38Z,Sheldon Reveals Which Friend He‚Äôd Eat First | The Big Bang Theory
Vbn9aWOWouo,2024-05-29T12:00:33Z,There&#39;s Few People Sheldon Cooper Hasn&#39;t Insulted üò¨ | The Big Bang Theory #shorts
9bZBBNORzuw,2024-05-28T20:00:03Z,Sheldon Invents Empathy | The Big Bang Theory
i9CpT91tXr8,2024-05-28T17:00:25Z,Sheldon and Amy Play &#39;Heads Up&#39; | The Big Bang Theory
jt-nO8q3Cjc,2024-05-28T12:00:50Z,Do They Have Mexican Food In Cuba? üá®üá∫ | The Big Bang Theory #shorts
iVA7vDx7o2U,2024-05-27T20:00:11Z,Sheldon Rents His Old Room | The Big Bang Theory
DH8yDcjLQFU,2024-05-27T14:00:07Z,Unforgettable Sheldon Cooper Moments (Season 3) | The Big Bang Theory
24BVs-Dh-QQ,2024-05-26T12:00:04Z,Sheldon Couldn&#39;t Have Been Happier in this Moment üòÜ | The Big Bang Theory #shorts
xCQNfx6C60s,2024-05-25T14:00:50Z,Sheldon&#39;s Mars Application Video | The Big Bang Theory
dEyiFQDFGdY,2024-05-25T12:00:39Z,Amy&#39;s Annual Birthday Gift üéâ  | The Big Bang Theory #shorts
RlDhd7TaOWc,2024-05-24T20:51:33Z,Raj Meets Nell | The Big Bang Theory
f13Z4cY83hE,2024-05-24T17:00:34Z,The Relationship Agreement | The Big Bang Theory
SCBtURIr-HQ,2024-05-24T12:00:34Z,Who Is Sleeping on Sheldon&#39;s Couch? üò¥ | The Big Bang Theory #shorts
mO9UV0UPRgQ,2024-05-23T20:00:15Z,Penny Lied Regarding Bernadette&#39;s Pregnancy | The Big Bang Theory
EKUL_Ny4GK0,2024-05-23T14:00:20Z,Hilarious Howard &amp; Raj Moments | The Big Bang Theory
nDfntKSjQ6o,2024-05-23T12:00:45Z,Leonard Finds Out Why He Can&#39;t Touch the Display üò¨ | The Big Bang Theory #shorts
ofCbqG3RiHU,2024-05-22T20:00:18Z,Penny Connects with Sheldon&#39;s Mom | The Big Bang Theory
2exM8WI5lAI,2024-05-22T17:00:01Z,Sheldon and Amy Make Out | The Big Bang Theory
281vdyyOLlI,2024-05-22T12:00:05Z,Sheldon Found a Loophole üòÇ | The Big Bang Theory #shorts
43_sQ2EzMk0,2024-05-21T20:00:02Z,Zack Ruins it for Raj | The Big Bang Theory
6n7QndOtp6I,2024-05-21T17:00:06Z,Leonard and Penny Want a Relationship Agreement | The Big Bang Theory
ApZbIXQelg4,2024-05-21T12:00:17Z,Penny Sold Leonard Out HARD üòÇ | The Big Bang Theory #shorts
YwzmarxgG24,2024-05-20T20:00:16Z,Leonard Won&#39;t Participate in the Mandatory Quarterly Roommate Agreement Meeting | Big Bang Theory
j0whbIXjD8A,2024-05-20T17:00:32Z,If Howard and Raj Were Gay | The Big Bang Theory
rpa46vgM_sM,2024-05-20T14:00:45Z,Season 1 Hilarious Moments | The Big Bang Theory
Tj0XeQ6Vnmo,2024-05-20T12:00:22Z,Sheldon Forbids Amy from Physical Contact with Other Men | The Big Bang Theory #shorts
OIYqOVP5Lq8,2024-05-19T17:00:21Z,Leonard Takes Penny for Granted | The Big Bang Theory
i2cMufNyCd4,2024-05-19T12:00:39Z,Bernadette Got Sick Watching the Teacups Ride üòÇ | The Big Bang Theory #shorts
ntHr7UrE88A,2024-05-18T17:00:33Z,Sheldon Attempts To Engage in Small Talk | The Big Bang Theory
faHajcV8SRQ,2024-05-18T12:00:40Z,Amy Is Not a Frog üê∏ | The Big Bang Theory #shorts
1ZzFFkYdjWA,2024-05-17T20:00:00Z,"Riddle Me This, Man-Bat! | The Big Bang Theory"
jm6HxKYzXXU,2024-05-17T12:00:45Z,&quot;WE WON THE NOBEL PRIZE&quot; üèÖ | The Big Bang Theory #shorts
Qi5G0r5_Xfw,2024-05-16T20:00:14Z,Stuart the Stand-in | The Big Bang Theory
PkdyiJI4GIw,2024-05-16T17:00:14Z,Bernadette&#39;s Backyard Retreat | The Big Bang Theory
WiGWpSM19Uo,2024-05-16T14:00:32Z,Relationship Agreement Moments | The Big Bang Theory
_4lC_J5PfNE,2024-05-16T12:00:27Z,Penny Proposes for the Second Time üíç | The Big Bang Theory #shorts
UDY7F6nFflU,2024-05-15T20:00:18Z,Raj Is Stubborn | The Big Bang Theory
1NjIxQFyVvw,2024-05-15T14:00:03Z,Sheldon&#39;s Version of &quot;Helping&quot; | The Big Bang Theory
YeDpGfA0Rz0,2024-05-15T12:00:36Z,One of the Sweetest Moments from &#39;The Big Bang Theory&#39; ü•≤ #shorts
Wo6TMFBEUV8,2024-05-14T20:00:18Z,Howard and Bernadette&#39;s Baby Announcement | The Big Bang Theory
ytaXqqz9BKY,2024-05-14T14:00:46Z,Amy&#39;s Sensory Deprivation Experiment | The Big Bang Theory
j6lrXvNtKeA,2024-05-14T12:00:44Z,Howard&#39;s Al Pacino Impression ü§£ | The Big Bang Theory #shorts
htzsZHNTQfg,2024-05-13T20:00:12Z,Raj Meets Claire | The Big Bang Theory
X8M5d6qYiTQ,2024-05-13T14:00:32Z,Season 2 Hilarious Moments | The Big Bang Theory
E4ejOWMZloM,2024-05-13T12:00:16Z,The Best Couple? ü§î | The Big Bang Theory #shorts
qQjKk_MBqTE,2024-05-12T14:00:39Z,Bernadette&#39;s Mommy Burnout | The Big Bang Theory
hm4vS_kMhUo,2024-05-12T12:00:40Z,It&#39;s Not a Date üòÇ | The Big Bang Theory #shorts
k2J_DGPuCmQ,2024-05-11T19:00:30Z,Raj Romances a Custodian | The Big Bang Theory
zdeI-xEcm5c,2024-05-11T12:01:01Z,Sheldon Leaks Penny&#39;s Pregnancy ü§∞ | The Big Bang Theory #shorts
2eBbLeuLcvs,2024-05-10T20:00:01Z,Amy Meets Meemaw | The Big Bang Theory
c1NtGONrzVk,2024-05-10T12:00:40Z,Sheldon Doesn&#39;t Like Amy&#39;s Makeover üíá‚Äç‚ôÄÔ∏è | The Big Bang Theory #shorts
04jPLP7txKo,2024-05-09T22:00:00Z,Memorable Mom Moments | The Big Bang Theory
XFZw6w2MRFM,2024-05-09T20:00:12Z,Sheldon and Amy Ridicule Brian Greene | The Big Bang Theory
d2sUgVdUOd8,2024-05-09T12:00:38Z,How&#39;s &quot;Shut Up?&quot; ü§î | The Big Bang Theory #shorts
NlQiH3FGrMw,2024-05-08T20:00:06Z,Raj Doesn‚Äôt Like Stan Lee‚Äôs Characters‚Äô Names | The Big Bang Theory
m0kdWwH8ZM8,2024-05-08T19:00:20Z,Sheldon Wants to &quot;Make a Baby&quot; | The Big Bang Theory
DGvigb_kKA8,2024-05-08T12:00:13Z,Bernadette Goes Zero Gravity üõ©Ô∏è  | The Big Bang Theory #shorts
yIA1DabfY4o,2024-05-07T20:00:29Z,Howard Proposes to Bernadette
WH3e5ifeLYM,2024-05-07T14:00:21Z,Leonard Comforts Sheldon | The Big Bang Theory
C3oYOzGojhc,2024-05-07T12:00:09Z,&quot;Don&#39;t Be Proud of That&quot; üò∂| The Big Bang Theory #shorts
lTtrngtsTRk,2024-05-06T20:00:13Z,Sheldon is an Intruder | The Big Bang Theory
Kk5Bkpufr7A,2024-05-06T18:00:09Z,Penny Proposes at a Funeral | The Big Bang Theory
Y8gXIjNW6L4,2024-05-06T12:00:24Z,Leonard&#39;s Room Gets a Makeover ‚ú® | The Big Bang Theory
kFzdCyIJEUw,2024-05-05T12:00:40Z,Meryl Streep Has Chemistry with Everyone üß™  | The Big Bang Theory #shorts
y7RaG74c2Dg,2024-05-04T12:00:51Z,Penny Is &quot;Mama&quot; üë∂ | The Big Bang Theory #shorts
nUNZM0_VN3w,2024-05-03T20:00:28Z,Bernadette‚Äôs First Introduction to the Group | The Big Bang Theory
nnuQFb66Vmo,2024-05-03T14:00:41Z,The Death Star Cake | The Big Bang Theory
LotBpSmr554,2024-05-03T12:00:31Z,Sheldon Loves Geology ü™® | The Big Bang Theory #shorts
wBwl4vCNjzg,2024-05-02T20:00:30Z,Leonard&#39;s Mom is Getting a Divorce | The Big Bang Theory
44aCbsvbz3Y,2024-05-02T14:00:04Z,Season 3 Hilarious Moments | The Big Bang Theory
wjZolRA9zFU,2024-05-02T12:00:49Z,Howard&#39;s Indian Accent üêò | The Big Bang Theory #shorts
ujEDhMyiKLg,2024-05-01T20:00:17Z,Leonard&#39;s Mom Kisses Sheldon | The Big Bang Theory
r-T2Lu5NQq0,2024-05-01T14:00:43Z,Sheldon and Amy Are the Superior Couple | The Big Bang Theory
J0VG39y3Mks,2024-05-01T12:00:24Z,Raj&#39;s Date Is Deaf üßè‚Äç‚ôÄÔ∏è | The Big Bang Theory #shorts
Lyaxfh1qzEI,2024-04-30T20:00:06Z,Penny Meets Leonard&#39;s Mom | The Big Bang Theory
P5bdRWvJDs0,2024-04-30T14:00:18Z,Sheldon Is Contractually Obligated To Go on Dates | The Big Bang Theory
kbwXGLwMfl0,2024-04-30T12:00:44Z,Howard&#39;s Invite Got Lost In the Matrix ‚úâÔ∏è  | The Big Bang Theory #shorts
MZgHs-1vFKY,2024-04-29T20:00:06Z,Raj and Howard&#39;s Dating Advice | The Big Bang Theory
5umy2J_lYCc,2024-04-29T14:00:05Z,Iconic &#39;Fun with Flags&#39; Moments | The Big Bang Theory
yMp3tPuIk38,2024-04-29T12:00:54Z,Howard Gets Grounded.. on Earth üåè | The Big Bang Theory #shorts
QJKYiE2DpAU,2024-04-28T14:00:25Z,Penny Gets Cozy with a Homeless Drug Addict | The Big Bang Theory
TzESiZqKVbM,2024-04-28T12:00:32Z,Sheldon&#39;s Prank Backfires üì¨  | The Big Bang Theory #shorts
gXL0ol29fj4,2024-04-27T14:00:35Z,The Battle of Gettysburg with Condiments | The Big Bang Theory
4Ml4PzlS6aw,2024-04-27T12:00:05Z,Priya Messed Up A LOT üò¨ | The Big Bang Theory #shorts
pm-Y1t9e-Hg,2024-04-26T20:00:16Z,Howard Solves the Catering Crisis | The Big Bang Theory
CkaiD_Tv7EU,2024-04-26T12:00:18Z,&#39;Dungeons &amp; Dragons&#39; Gets Literal üêâ | The Big Bang Theory #shorts
vdNHUFIWSFU,2024-04-25T20:00:17Z,Sheldon Wants a Real Wedding | The Big Bang Theory
vRgpefHQP80,2024-04-25T18:00:25Z,Tetris Arm Wrestling | The Big Bang Theory
Kd63X4hYxbk,2024-04-25T14:00:24Z,Unforgettable Leonard Moments (Season 1) | The Big Bang Theory
qU7R1x5Sa7o,2024-04-25T12:00:45Z,Bernadette Isn&#39;t Excited to be a Mom üë∂ | The Big Bang Theory #shorts
gSHVZA5zqLU,2024-04-24T20:00:25Z,Kripke Screws Leonard and Howard | The Big Bang Theory
ygQjNJbkirE,2024-04-24T12:00:52Z,HOLY CRAP! üêô | The Big Bang Theory #shorts
DW3mqCG2fHc,2024-04-23T20:00:08Z,Sheldon&#39;s Junk | The Big Bang Theory
xsuHU1MN-r8,2024-04-23T14:00:47Z,Sheldon Doesn&#39;t Work Here | The Big Bang Theory
Zg3Q1wN-ToQ,2024-04-23T12:00:28Z,Property of U? ü§î | The Big Bang Theory #shorts
H_acKZ2vjNs,2024-04-22T21:30:01Z,Leonard and Penny&#39;s First Date | The Big Bang Theory
sqCcMgf025E,2024-04-22T20:00:30Z,Stuart Agrees to Move in with Denise | The Big Bang Theory
PxbS6w7RNqY,2024-04-22T14:00:18Z,The Full Sheldon and Amy Story | The Big Bang Theory
Mr5ZoUR66Mw,2024-04-22T12:00:29Z,Penny the Confrontational Waitress üò¨ | The Big Bang Theory #shorts
ZTEpL6kBo5Y,2024-04-21T14:00:32Z,Sheldon Wins Amy Back | The Big Bang Theory
ZTEpL6kBo5Y,2024-04-21T14:00:32Z,Sheldon Wins Amy Back | The Big Bang Theory
BUdwy-W-2lk,2024-04-21T12:00:13Z,The Romance Ninja ü•∑ | The Big Bang Theory #shorts
pPGRCfLMsQI,2024-04-20T14:00:40Z,Zero Gravity | The Big Bang Theory
rVOHV8jq5cw,2024-04-20T12:00:57Z,Sheldon&#39;s Emergency Exits ‚ö†Ô∏è | The Big Bang Theory #shorts
gZm1XuikX-8,2024-04-19T20:00:25Z,Leonard Forgives His Mother | The Big Bang Theory
y59S98LWVyk,2024-04-19T14:00:54Z,Penny Throws Leonard Under the Bus | The Big Bang Theory
Emd3eFwnY98,2024-04-19T12:00:26Z,Howard Bought a &#39;Star Trek&#39; Plate without Bernadette&#39;s Permission üòÇ | The Big Bang Theory #shorts
7Ldb0rjLLc0,2024-04-18T20:00:04Z,Howard Doesn‚Äôt Want Raj To Leave to London
OE5AMySfP2k,2024-04-18T18:00:19Z,Someone&#39;s Sleeping on Sheldon&#39;s Couch | The Big Bang Theory
idY-dr-n_Cw,2024-04-18T14:00:29Z,Astronaut Howard Moments | The Big Bang Theory
w6UopMzmyoo,2024-04-18T12:00:54Z,Sheldon Doesn&#39;t Want to Get Arrested üëÆ‚Äç‚ôÇÔ∏è  | The Big Bang Theory #shorts
Al7f2u2FFa4,2024-04-17T20:00:04Z,Leonard Is No Longer a Satisficer | The Big Bang Theory
iacm1Uvt1m8,2024-04-17T14:00:34Z,The Final Scene | The Big Bang Theory
BKikOmTdk28,2024-04-17T12:00:11Z,Raj Can Talk to Women Now?! üòØ  | The Big Bang Theory #shorts
Y9hdXuP26KI,2024-04-16T14:00:21Z,Sheldon&#39;s Nobel Prize Acceptance Speech | The Big Bang Theory
NkNFTpC_dcc,2024-04-16T12:00:17Z,The &quot;Morally Compromised&quot; Guys Win! üèÜ | The Big Bang Theory #shorts
nQwzXMHgkWk,2024-04-15T20:00:14Z,Sheldon Hides From His Birthday Guests | The Big Bang Theory
0Syz0sLMAGg,2024-04-15T18:00:02Z,Penny Is Pregnant | The Big Bang Theory
wPQxfHNo_qk,2024-04-15T14:00:40Z,Funny Moments from Season 12 | The Big Bang Theory
uzux2CUKWW4,2024-04-14T14:00:39Z,Bernadette Is a Thrill Seeker | The Big Bang Theory
ZwcBOcQ-qg4,2024-04-14T12:00:34Z,Howard&#39;s &#39;Stuart Voice&#39; üòÇ | The Big Bang Theory #shorts
wGTwLku9_Zg,2024-04-13T14:00:43Z,Bribing Nobel Prize Winners with Cookies | The Big Bang Theory
BR0SiS0Mgvc,2024-04-13T12:00:12Z,The Essence of a Mexican Standoff üá≤üáΩ  | The Big Bang Theory #shorts
2QRBwmJEQ8s,2024-04-12T20:00:01Z,The Reason Sheldon Hates Birthdays | The Big Bang Theory
mtvFH8OgR8c,2024-04-12T14:00:28Z,Someone Tries to Poach Penny | The Big Bang Theory
Yqo0eyYUSTg,2024-04-12T12:00:25Z,Guys on Dating Apps üì± | The Big Bang Theory #shorts
jIjgO9kEejM,2024-04-11T20:00:13Z,President Siebert Doesn‚Äôt Want Sheldon To Do Interviews | The Big Bang Theory
oNnDnlKcyvA,2024-04-11T14:00:39Z,Roommate Stuart Moments | The Big Bang Theory
XDkcLE2JouY,2024-04-11T12:00:27Z,Sheldon Has No Idea How Bad This Looks üò≥ | The Big Bang Theory #shorts
MTpwgvrPYvE,2024-04-10T20:00:07Z,Howard Gets a Scooter | The Big Bang Theory
BjoDtw99wc8,2024-04-10T14:00:08Z,Sheldon Needs To Think Before He Speaks | The Big Bang Theory
kYjre77iHKk,2024-04-10T12:00:41Z,Goth Night üñ§ | The Big Bang Theory #shorts
1DccYT2isHM,2024-04-09T14:00:02Z,Sheldon Wants How Many Kids? | The Big Bang Theory
Th6LeQs5zpE,2024-04-09T12:00:32Z,"Bazinga, Punk! üßü‚Äç‚ôÇÔ∏è | The Big Bang Theory #shorts"
AkUHVf_U5dM,2024-04-08T20:00:03Z,Sheldon and Leonard Outsmart Kripke | The Big Bang Theory
uC2-ZLZyLAc,2024-04-08T18:00:25Z,Penny Is a Tough Boss | The Big Bang Theory
uUI6dJ9Pr74,2024-04-08T14:00:41Z,Unforgettable Sheldon Cooper Moments (Season 2) | The Big Bang Theory
SRO5SQmm7K8,2024-04-08T12:00:31Z,Howard Makes His Move on Penny üòö | The Big Bang Theory #shorts
b8SR2EGvNtg,2024-04-07T14:00:20Z,Sheldon Insulted Several Nobel Prize Winners | The Big Bang Theory
WvoKXqn-YXs,2024-04-07T12:00:24Z,Sheldon Hit the Override Switch üí• | The Big Bang Theory #shorts
NQtTI3tyOZc,2024-04-06T14:00:18Z,Baby Test Subjects | The Big Bang Theory
znOjvxMPVQw,2024-04-06T12:00:53Z,Prom Night ‚ú® | The Big Bang Theory #shorts
WIDI56MU0cE,2024-04-05T20:00:22Z,A Little Help From Kripke | The Big Bang Theory
eETKVzpdH20,2024-04-05T14:00:35Z,Leonard Breaks the Molecule Display | The Big Bang Theory
9wL9823MmPw,2024-04-05T12:00:07Z,Penis Cookies üò∂ | The Big Bang Theory #shorts
0w4DxVJ4BUU,2024-04-04T20:00:00Z,Women Find Howard Appealing | The Big Bang Theory
oTQa4ZWIC0A,2024-04-04T14:00:39Z,Penny and Amy Moments | The Big Bang Theory
GVvEK_8PtCU,2024-04-04T12:00:13Z,Sheldon Touches a Bird üê¶ | The Big Bang Theory #shorts
FXwoq46rlQw,2024-04-03T20:00:04Z,Penny Gets Excited Over Leonard‚Äôs Game Night Story | The Big Bang Theory
uHONZJjNwZI,2024-04-03T14:00:42Z,Sheldon and Amy Won a Nobel Prize | The Big Bang Theory
DjdAl2nWlDk,2024-04-02T14:00:08Z,Sheldon Thinks It&#39;s 2003 üï∞ | The Big Bang Theory #shorts
5EdqMyMUwm0,2024-04-02T14:00:06Z,Amy Gets a Makeover | The Big Bang Theory
udKdtdFE9Bg,2024-04-01T20:00:16Z,The Wolowitz Coefficient | The Big Bang Theory
YeewkmNRaXE,2024-04-01T18:00:26Z,The Freezer Survival Test | The Big Bang Theory
DvNHuUzZqT0,2024-04-01T14:00:08Z,Pranks and Practical Jokes | The Big Bang Theory
zBaRumt2nEU,2024-04-01T12:00:59Z,Leonard and Penny Make Each Other Look Bad üòÇ | The Big Bang Theory #shorts
8gU48gUmoqU,2024-03-31T14:00:05Z,The Elevator Works?! | The Big Bang Theory
A-6QlatveIo,2024-03-31T12:00:09Z,Sheldon Shoots His Shot üòè | The Big Bang Theory #shorts
dRmXWwxk6sM,2024-03-30T13:00:30Z,The Snake Prank üêç | The Big Bang Theory #shorts
Dis_Lt-C3ow,2024-03-29T14:00:15Z,The Mexican Standoff | The Big Bang Theory
eo-qTfuXsV8,2024-03-29T12:00:37Z,Did Raj Break the Bro Code? ü§î  | The Big Bang Theory #shorts
eVC7llpRQwg,2024-03-28T17:00:26Z,Making Fun of Dating Profiles | The Big Bang Theory
D5brNz3UIcw,2024-03-28T14:00:09Z,Unforgettable Sheldon Cooper Moments (Season 1) | The Big Bang Theory
NqWU5TeAjS4,2024-03-28T13:00:30Z,The Mortal Enemies List üìù  | The Big Bang Theory #shorts
xVxWR2cTCJI,2024-03-27T13:01:02Z,Later Losers! ‚úåÔ∏è | The Big Bang Theory #shorts
UvXmZJh9Z0Y,2024-03-26T20:00:08Z,Sheldon and Howard Bond Over a Replica Saturn 5 Rocket | The Big Bang Theory
uql7SrQViGw,2024-03-26T13:01:01Z,Sheldon and Penny Agree on Something üòØ | The Big Bang Theory #shorts
vMui7A1-_I0,2024-03-25T20:00:18Z,Raj Wants To Break up With Emily | The Big Bang Theory
H-WAj_OgdmQ,2024-03-25T18:00:11Z,Leonard and Priya: Forbidden Love | The Big Bang Theory
-CBnuivgJFw,2024-03-25T14:00:00Z,Leonard Cuts a Meteorite Open | The Big Bang Theory
MIIyL2UxHqg,2024-03-25T13:00:29Z,Howard&#39;s Cousin / Ex-Lover üò¨  | The Big Bang Theory #shorts
bRXWIJyyz1U,2024-03-24T13:00:35Z,&quot;¬°Viva La Imodium!&quot; üá≤üáΩ | The Big Bang Theory #shorts
F0LX70sBnLU,2024-03-22T14:00:12Z,Sheldon and Amy Did it | The Big Bang Theory
STlcL1kYOGA,2024-03-21T18:00:11Z,Funny Moments from Season 11 | The Big Bang Theory
vfjit_5gzQ0,2024-03-21T14:00:41Z,Stephen Hawking Won&#39;t Play Sheldon Back | The Big Bang Theory
lu_Jik9AfV4,2024-03-20T20:00:30Z,Raj and Howard Have Fans | The Big Bang Theory
Ks0KG93s5qs,2024-03-20T14:00:22Z,Fun with Flags with Bickering | The Big Bang Theory
jB_5CJKSNsU,2024-03-20T13:00:48Z,Raj Overhears Leonard Role Playing üôâ | The Big Bang Theory #shorts
StbZXReJPJM,2024-03-19T20:00:17Z,Penny Doesn‚Äôt Want To Work for Bernadette | The Big Bang Theory
1_BkIEVIjZA,2024-03-19T18:00:01Z,Howard&#39;s Impressions | The Big Bang Theory
h5X0jlLxTXE,2024-03-19T16:00:36Z,The Costume Party | The Big Bang Theory
zXHasy0Dy_A,2024-03-19T14:00:47Z,&quot;Women Come In. Don&#39;t Be Afraid.&quot; üò∂ | The Big Bang Theory
VHrF4GC2T4I,2024-03-18T14:00:21Z,Howard Wants to Change His Answer ü§î | The Big Bang Theory #shorts
AlBfPljtD90,2024-03-17T14:00:06Z,Raj Got Into Leonard&#39;s Head üòÇ | The Big Bang Theory #shorts
QwMwAe33T0Q,2024-03-16T16:00:29Z,Howard&#39;s Stuart Impression is Uncanny | The Big Bang Theory
Umk2Q1cbdro,2024-03-16T14:00:23Z,Sheldon Has a Bathroom Emergency üö® | The Big Bang Theory #shorts
d87l6h_K4fE,2024-03-15T16:00:29Z,Sheldon Can&#39;t Say &quot;Geology&quot; | The Big Bang Theory
9RCzfXaF-qU,2024-03-15T14:00:06Z,The Relationship Sham üòö  | The Big Bang Theory #shorts
YcjVNmdlYaI,2024-03-14T20:00:21Z,"My Heart, My Universe | The Big Bang Theory"
E1cj5Tyxr28,2024-03-14T20:00:05Z,How Are You Celebrating National Pi Day? | The Big Bang Theory
IFKyghdZtQE,2024-03-14T12:00:14Z,It&#39;s Too Brobdingnagian | The Big Bang Theory #shorts
gs_ZYIpc4MI,2024-03-13T22:00:20Z,Penny Robs Sheldon of His Seat | The Big Bang Theory
8fuvcmngGQI,2024-03-13T16:00:10Z,Bernadette‚Äôs Baby Thinks Penny Is ‚ÄúMama‚Äù | The Big Bang Theory
FOejqG7EKP0,2024-03-13T14:00:09Z,Her Name was Glisinda the Troll üòà | The Big Bang Theory #short
WPGj33JorXA,2024-03-12T22:00:25Z,Sheldon Proclaims his Love for Amy | The Big Bang Theory
vvHSZhyo8Dg,2024-03-12T14:00:42Z,The Best Gift Sheldon Could Have Given üéÅ | The Big Bang Theory #shorts
8-IKq4lOhj4,2024-03-11T17:30:01Z,Leonard Being Awkward | The Big Bang Theory
is5SKJuT6ds,2024-03-11T16:00:28Z,Penny Reads Stuart&#39;s Online Reviews | The Big Bang Theory
zmnFjrVOwr0,2024-03-11T16:00:43Z,Raj Puts His Girl on the Spot üò≥ | The Big Bang Theory #shorts
pzfL-aEj9qY,2024-03-10T16:00:36Z,Insect Flavored Snow Cones üêõ üç® | The Big Bang Theory #shorts
zmnFjrVOwr0,2024-03-11T16:00:43Z,Raj Puts His Girl on the Spot üò≥ | The Big Bang Theory #shorts
pzfL-aEj9qY,2024-03-10T16:00:36Z,Insect Flavored Snow Cones üêõ üç® | The Big Bang Theory #shorts
NENia6-CTfA,2024-03-08T21:00:17Z,Howard Wears a Sheldon Costume | The Big Bang Theory
xGOxe_5VsGI,2024-03-08T17:00:49Z,Raj and Howard&#39;s Song Has No Groove | The Big Bang Theory
OFfV_d2G3DI,2024-03-08T15:00:18Z,Thursday Is NOT Pizza Night üçï | The Big Bang Theory #shorts
2Ferd3TuCQs,2024-03-07T21:00:00Z,Sheldon‚Äôs About To Lose a Second Best Friend | The Big Bang Theory
OZXkcCscWMw,2024-03-07T15:00:30Z,The Answer is Cheese Danish ü•Æ | The Big Bang Theory #shorts
HR2Rb-GnKvI,2024-03-07T15:00:24Z,The Evolution of Amy Farrah Fowler | The Big Bang Theory
3VhnE65qjKg,2024-03-06T17:00:06Z,Sheldon Reverts Back to 2003 | The Big Bang Theory
gDcBbmjmCEU,2024-03-05T15:00:36Z,100 Ways to Rip a Guys Nuts Off ü•ú | The Big Bang Theory #shorts
mdOmB-FRobE,2024-03-04T23:50:09Z,Killer Robot Antics ü§ñ | The Big Bang Theory #shorts
65Fjaz9W7PA,2024-03-04T21:00:02Z,Howard Is a Bad Friend | The Big Bang Theory
7Ay-9Lp1eto,2024-03-04T15:00:06Z,5 Times Howard Wasn&#39;t Immediately Rejected | The Big Bang Theory
8GgISNZu5xU,2024-03-01T21:00:04Z,Sheldon Comforts Penny at the Hospital | The Big Bang Theory
TrGXxuS90Wo,2024-03-01T18:00:27Z,Howard and Raj Date Goth Chicks | The Big Bang Theory
FphAbW22MRA,2024-02-29T21:00:09Z,Raj‚Äôs Parents Want Him To Meet Lakshmi | The Big Bang Theory
zEneaWUkDNI,2024-02-28T21:00:39Z,Everyone‚Äôs Fighting and Sheldon Loses It | The Big Bang Theory
LdH3fbuPLFg,2024-02-26T21:00:17Z,Professor Roger Abbott&#39;s Notes | The Big Bang Theory
5zPK7rqro1A,2024-02-26T17:00:08Z,Leonard and Penny Are Getting Married Again | The Big Bang Theory
VOJeWBqoJ_g,2024-02-25T15:00:20Z,Sheldon Steals a Movie üé• | The Big Bang Theory #shorts
h6LJXKAX-mk,2024-02-24T17:00:27Z,Sheldon Breaks His Nose | The Big Bang Theory
wt1RbDjm2EU,2024-02-24T15:00:50Z,Howard Plays It Uncool üò≥  | The Big Bang Theory #shorts
FpcUcxe1h0s,2024-02-23T23:00:09Z,Stuart Decorates His Comic Book Shop With Howard‚Äôs Mom‚Äôs Furniture | The Big Bang Theory
UH7TImUu-oQ,2024-02-23T21:00:22Z,Bernadette is a Bully | The Big Bang Theory
QDBNRdaoXkY,2024-02-23T17:00:17Z,Raj&#39;s Bottle Toss of Destiny | The Big Bang Theory
p3CU3rHfp0Q,2024-02-23T15:00:59Z,Breakfast Trivia ü§î | The Big Bang Theory #shorts
5t1fZkzi2jM,2024-02-22T21:00:05Z,Girls are a Distraction | The Big Bang Theory
_0FLLKm3cDY,2024-02-22T15:00:27Z,Sheldon Says Goodbye ‚úåÔ∏è | The Big Bang Theory #shorts
oOd02kj1am0,2024-02-21T19:00:20Z,Sheldon Befriends a Little Girl | The Big Bang Theory
Wblc8Anu2DY,2024-02-21T17:00:20Z,What Should We Destroy First? | The Big Bang Theory
DCCNXlQAMu8,2024-02-19T21:00:06Z,Leonard Goes on the Radio | The Big Bang Theory
KgjX0nzIFTw,2024-02-15T21:00:11Z,Sheldon Goes to a Job Recruiter | The Big Bang Theory
8H_B5XrBgMc,2024-02-14T21:00:04Z,Sheldon and Penny Miss out on Switzerland | The Big Bang Theory
KkfTIJkMOY4,2024-02-13T21:00:17Z,Raj Has a Job Interview | The Big Bang Theory
UkOJ8UoHOA0,2024-02-12T21:00:26Z,Sheldon Is Improbable | The Big Bang Theory
TWdjK5Mk7ss,2024-02-08T23:00:24Z,Sheldon&#39;s Research was Sabotaged by Leonard | The Big Bang Theory
ywXDCrLMxRY,2024-02-07T21:47:01Z,Leonard Confronts His High School Bully | The Big Bang Theory
l0d7x6CHuoo,2024-02-07T17:00:40Z,Sheldon Gets Into Leonard&#39;s Head | The Big Bang Theory
pmypLU_fcMA,2024-02-07T15:00:47Z,Howard Wants Butter üßà | The Big Bang Theory #shorts
7Y2vXQBM5N8,2024-02-06T17:00:05Z,Amy Is Sheldon&#39;s Emergency Contact | The Big Bang Theory
yvquDSgwEHQ,2024-02-05T19:00:35Z,Leonard Is a Romance Ninja | The Big Bang Theory
pLcJCzqZvDg,2024-02-05T17:00:40Z,Amy Meets Raj&#39;s Girlfriend | The Big Bang Theory
RpPHrYQZnRo,2024-02-05T15:00:32Z,She Is Not for You üò†  | The Big Bang Theory #shorts
CELButFHk2o,2024-02-04T15:00:13Z,Penny Wakes Up Next to Raj üëÄ | The Big Bang Theory #shorts
9biz9FWZ94o,2024-02-03T19:00:03Z,Leonard and Penny Embarrass Each Other | The Big Bang Theory
DnAS-Qny874,2024-02-03T17:00:07Z,Bernadette Won&#39;t Let Howard Go to Space | The Big Bang Theory
jzyCy11doco,2024-02-03T15:00:41Z,Sheldon Gets Exposed üò∑ | The Big Bang Theory #shorts
n9lSPsEayvM,2024-02-02T21:00:25Z,Penny Gets Ignored | The Big Bang Theory
VMKkHb1Hjg4,2024-02-01T21:00:14Z,Sheldon Gets Locked Out | The Big Bang Theory
LWBS8HTxtQ8,2024-02-01T17:00:15Z,Leonard and Penny&#39;s &quot;Not a Date&quot;  | The Big Bang Theory
pt8vHR1McrY,2024-02-01T15:00:45Z,Three Person Chess ‚ôü | The Big Bang Theory #shorts
V95fkXGP0l0,2024-01-31T19:00:20Z,Sheldon Makes Snow Cones | The Big Bang Theory
juU323vHvV8,2024-01-30T19:00:20Z,Sheldon Puts a Snake in Raj‚Äôs Desk | The Big Bang Theory
2gw0KtR4ays,2024-01-30T15:00:03Z,Sheldon Drinks Leonard&#39;s Water ü•§  | The Big Bang Theory #shorts
vt-zXJQXTjM,2024-01-29T15:00:48Z,Raj Experiences an Unusual Side Effect üôà | The Big Bang Theory #shorts
9-0g9FIfJ0w,2024-01-28T17:00:07Z,The Mailbox Prank | The Big Bang Theory
bLMPZBKcoUM,2024-01-27T17:00:33Z,Bernadette Didn&#39;t Dream of Being a Mom | The Big Bang Theory
RkJGdqRzt1c,2024-01-26T21:00:13Z,Penny Meets Dave | The Big Bang Theory
wmEnabxHqWY,2024-01-26T19:00:34Z,Sheldon&#39;s Mom Doesn&#39;t Like His Sass | The Big Bang Theory
uObKDISM9qs,2024-01-26T15:00:52Z,How Many Men Has Penny Dated? ü§î  | The Big Bang Theory #shorts
0u-Ny91UKp8,2024-01-25T15:00:01Z,The Gossip Experiment ü§´  | The Big Bang Theory #shorts
sJAsssKJHo4,2024-01-24T21:00:34Z,Stephanie Meets Penny | The Big Bang Theory
9LRuOaHnrL0,2024-01-24T17:00:13Z,Sheldon Is Nervous About Living with Amy | The Big Bang Theory
S5L6DUsXnS4,2024-01-24T15:00:19Z,Killed By Badger? ü¶° | The Big Bang Theory #shorts
ECWgoyUJc7c,2024-01-23T17:00:09Z,Leonard and Penny Dance in Their Underwear | The Big Bang Theory
P4AdtcgM9rE,2024-01-23T15:00:31Z,Sheldon and Penny Warm Up üèÉ‚Äç‚ôÇÔ∏è | The Big Bang Theory #shorts
QX9UbJz3LUY,2024-01-22T15:00:20Z,How Bad Will It Hurt? ü•µ | The Big Bang Theory #shorts
HDiiYHSpvOY,2024-01-21T17:00:11Z,Penny Takes Leonard to Prom | The Big Bang Theory
5AY-zSWSSAo,2024-01-21T15:00:04Z,&#39;Little House on the Prairie&#39; Fan Fiction üòÇ | The Big Bang Theory #shorts
HOaw-LBAi5k,2024-01-20T19:00:06Z,Raj Gets Stuck with the Bill | The Big Bang Theory
h30Rjvah2ms,2024-01-20T17:00:28Z,Dungeons &amp; Dragons | The Big Bang Theory
oPB2KaBVMZQ,2024-01-19T21:00:25Z,Sheldon Gets His Learner&#39;s Permit | The Big Bang Theory
vS_7dMWz0U4,2024-01-19T15:00:57Z,Raj Was Snooping üëÄ | The Big Bang Theory #shorts
hyYJXGU6nb4,2024-01-18T19:00:30Z,Bernadette Is Just Like Howard&#39;s Mom | The Big Bang Theory
CULtlKhw2IQ,2024-01-18T15:00:09Z,Sheldon Was Ready to Propose üíç | The Big Bang Theory #shorts
eTCO8pgopYM,2024-01-17T21:00:20Z,Penny&#39;s Key Conundrum | The Big Bang Theory
nMmGmUes-K8,2024-01-17T15:00:47Z,Did Leonard Go Too Far? üè≥ | The Big Bang Theory #shorts
GWBhXvIbNA0,2024-01-16T15:00:13Z,What&#39;s a Half Sandwich? ü•™ | The Big Bang Theory #shorts
t0HTsdE4RR4,2024-01-15T21:00:22Z,Sheldon Ruins Leslie and Leonard&#39;s Relationship | The Big Bang Theory
w3xxl0Klk9U,2024-01-15T15:00:48Z,Sheldon Kick Raj Out of His Friend Group | The Big Bang Theory #shorts
jlsBjphmBd0,2024-01-14T15:00:36Z,Penny in the Comic Book Store üìö | The Big Bang Theory #shorts
dnuU292j_og,2024-01-13T15:00:36Z,THE KRAKEN üêô | The Big Bang Theory #shorts
HE319kVycuI,2024-01-12T19:00:07Z,Sheldon Steals the &#39;Indiana Jone&#39;s Film | The Big Bang Theory
ST70OUjpqGo,2024-01-12T15:00:25Z,Penny Can&#39;t Sing üé§ | The Big Bang Theory #shorts
LoHCpBJRXUI,2024-01-11T15:00:23Z,The Plan | The Big Bang Theory #shorts
t5fD9nx3Rcs,2024-01-10T21:00:26Z,The Plan to Bring Down Dennis Kim | The Big Bang Theory
jfyMQ_mPlcw,2024-01-09T19:00:15Z,Howard Tells His Mom He&#39;s Engaged | The Big Bang Theory
5MwsVRVX5Jw,2024-01-09T17:00:03Z,Leonard and Penny Pretend to Date | The Big Bang Theory
vYh9FcG07Ds,2024-01-08T19:00:22Z,Raj&#39;s Huge Desk | The Big Bang Theory
hf2zhTOP7FI,2024-01-07T15:00:38Z,KITE WARS! ü™Å | The Big Bang Theory #shorts
YaYN3NoYwoo,2024-01-06T15:00:28Z,Say What? | The Big Bang Theory #shorts
im8-8NHITzw,2024-01-05T15:00:40Z,Sheldon Wants the Guys to Challenge Him | The Big Bang Theory #shorts
8up44dGFSVw,2024-01-04T21:00:04Z,Ordering Food is Harder Without Howard | The Big Bang Theory
5nQ-4YYUBOo,2024-01-04T19:00:03Z,Penny and Sheldon Go Running | The Big Bang Theory
178JGZga0Pk,2024-01-04T15:00:00Z,You Lost My Mother&#39;s Ashes?? üõ´  | The Big Bang Theory #shorts
H2XBWsxIbT8,2024-01-03T21:00:13Z,Leslie Fixes Sheldon&#39;s Equation | The Big Bang Theory
iX4lWtcpVK0,2024-01-02T21:00:18Z,"Raj, Howard, and Leonard fight over Sheldon&#39;s Sister, Missy | The Big Bang Theory"
a1sZQAoE5cI,2024-01-02T17:00:00Z,Sheldon Really Has to Pee | The Big Bang Theory
yJPa-DZJSfo,2023-12-31T19:00:26Z,Virtual Archery | The Big Bang Theory
YjN2ENfNjsA,2023-12-29T17:00:33Z,Men Have Periods Too | The Big Bang Theory
FWklbNuk2VE,2023-12-29T15:00:14Z,Leonard Bought a Time Machine | The Big Bang Theory #shorts
XAHh2dywh7o,2023-12-28T15:00:21Z,Howard Loses His Mom | The Big Bang Theory #shorts
lbrWdAGm8Jw,2023-12-26T21:00:17Z,Life without Sheldon | The Big Bang Theory
utcP8e_o2Zg,2023-12-26T15:00:45Z,Sheldon Says &quot;I Love You&quot; ü§ü  | The Big Bang Theory #shorts
-mnEJug_jmA,2023-12-25T21:00:00Z,Sheldon Gives Amy the Perfect Christmas Gift | The Big Bang Theory
bTIRM4SRGiM,2023-12-25T15:00:34Z,Sheldon Grows a Mustache üë®üèª‚Äçü¶± | The Big Bang Theory #shorts
kWcclJ75rvg,2023-12-23T17:00:36Z,Penny and Leonard Share Custody of Sheldon | The Big Bang Theory
qf-w4AENP7E,2023-12-22T15:00:45Z,Wheel of Wedding Planning! | The Big Bang Theory #shorts
Hq8RJLoMW2Q,2023-12-21T19:00:06Z,Leonard Slept with Sheldon&#39;s Friend | The Big Bang Theory
-3s3jgEM85g,2023-12-21T15:00:00Z,"It‚Äôs Hot in Here, It Must Be Summer ‚òÄÔ∏è | The Big Bang Theory #shorts"
zG3h7oYRXsw,2023-12-20T21:00:23Z,Never Have I Ever | The Big Bang Theory
JogFZdhRmAo,2023-12-19T21:00:12Z,Dr. Hofstadter meets Mrs. Cooper | The Big Bang Theory
Bmy6v3Vd0Nc,2023-12-19T15:00:09Z,Sheldon Hates Secrets ü§´ | The Big Bang Theory #shorts
9JmVhTMKCfc,2023-12-17T19:00:03Z,Leonard Gets Contacts | The Big Bang Theory
YwbH_M2bK90,2023-12-17T15:00:33Z,Sheldon and His Brain üß† | The Big Bang Theory #shorts
6yAG3AKwhBk,2023-12-16T15:00:05Z,It&#39;s the Comic Book Store! üß©  | The Big Bang Theory #shorts
GTzpmU6NQNg,2023-12-15T15:00:21Z,Raj Gets Left Underground with Rats üêÄ | The Big Bang Theory #shorts
XqH-wmWY7X4,2023-12-13T15:00:32Z,Nerd Fight! | The Big Bang Theory #shorts
2OIXOl84ZHI,2023-12-12T15:00:01Z,Sharing a Toothbrush Holder ü™• | The Big Bang Theory #shorts
87AF2BgQRZw,2023-12-11T15:00:06Z,The Murder Weapon üî™ | The Big Bang Theory #shorts
azb_nkBJd0E,2023-12-10T15:00:05Z,Sheldon&#39;s Stress Test üéà | The Big Bang Theory #shorts
VogQ_cTktoU,2023-12-08T21:00:14Z,Howard Meets His Half-Brother | The Big Bang Theory
DoMXi3FqARc,2023-12-08T19:00:12Z,The &#39;Doctor Who&#39; Door Backfires | The Big Bang Theory
1yuBX3PTp6k,2023-12-07T15:00:02Z,Indiana Jones Is Forever Ruined | The Big Bang Theory #shorts
hIphOYe61D4,2023-12-06T17:00:42Z,Sheldon‚Äôs Mom Thought He‚Äôd Die Alone | The Big Bang Theory
-9sA8klBCEY,2023-12-06T15:00:00Z,Honeymooning In Legoland | The Big Bang Theory #shorts
skUlY_5wLOQ,2023-12-05T15:00:44Z,Fit Bit Fraud ‚åöÔ∏è | The Big Bang Theory #shorts
NQKsWCtdlO8,2023-12-03T19:00:10Z,Bernadette‚Äôs Boss Is Afraid of Her | The Big Bang Theory
_m_csr0toG4,2023-12-03T15:00:34Z,&quot;We&#39;re Getting a Turtle!&quot; üê¢  | The Big Bang Theory
hmC4ju2FoWQ,2023-12-01T17:00:30Z,Howard Is Too Clingy | The Big Bang Theory
41LWGlnwBps,2023-11-30T21:00:03Z,Howard Wolowitz a.k.a Clogzilla | The Big Bang Theory
HomTGPd0hRM,2023-11-30T19:00:05Z,Sheldon &amp; Amy&#39;s &quot;Love-Making&quot; Noises | The Big Bang Theory
ib-WGAj0BQQ,2023-11-29T23:00:30Z,Stuart Volunteers to Care for Mrs. Wolowitz | The Big Bang Theory
Iat_RduXGUQ,2023-11-29T21:00:21Z,Sheldon Can&#39;t Decide Between Xbox One or PS4 | The Big Bang Theory
iQNahJugeKE,2023-11-29T19:00:27Z,Sheldon Tries Juggling | The Big Bang Theory
TLPrtgYCOGU,2023-11-29T17:00:31Z,Bernadette&#39;s Dummy | The Big Bang Theory
uaXw-Q0OWr8,2023-11-29T14:00:40Z,Howard Has Separation Anxiety | The Big Bang Theory #shorts
XtQuy9TCxPg,2023-11-28T23:00:24Z,Raj and Emily Achieve Coitus | The Big Bang Theory
ar329l9NpqE,2023-11-28T21:00:01Z,Sheldon has the Sex Talk with his Mom | The Big Bang Theory
MGqmd-Oe9FQ,2023-11-28T17:00:23Z,Kids Are Better at Video Games | The Big Bang Theory
s815S4szMbY,2023-11-28T15:00:47Z,Sheldon Likes Amy&#39;s Body | The Big Bang Theory #shorts
XCamDF1HdyY,2023-11-27T23:05:41Z,Sheldon and Penny Visit a Psychic | The Big Bang Theory
GUltQahxh3o,2023-11-27T15:00:19Z,The Parenting Book Works on Sheldon üìñ | The Big Bang Theory #shorts
1HA8pvZNFfI,2023-11-26T19:00:00Z,Sheldon Works on Two Projects at Once | The Big Bang Theory
n0TS61tyIGQ,2023-11-26T15:00:40Z,Beverly Makes Leonard Cry in a Good Way ü•≤ | The Big Bang Theory #shorts
tBRHLADcjqo,2023-11-25T15:00:50Z,"&quot;Leonard, I&#39;m Sick!&quot; ü§í | The Big Bang Theory #shorts"
DCN3LuRPSjM,2023-11-24T21:00:07Z,Sheldon Doesn&#39;t Want a Dining Room Table | The Big Bang Theory
BOZ78E2Hxas,2023-11-24T15:00:14Z,Is This in Poor Taste? ü¶Ω | The Big Bang Theory #shorts
Wip7pKKa2_0,2023-11-23T21:00:15Z,Penny&#39;s Thanksgiving Annulment | The Big Bang Theory
r10cfA5v72M,2023-11-23T15:00:41Z,Sheldon&#39;s First Sip of Coffee ‚òïÔ∏è | The Big Bang Theory #shorts
4cGvT_xiCKo,2023-11-22T21:00:03Z,The Guys Miss Out on Comic-Con | The Big Bang Theory
5fsDDls65AM,2023-11-22T15:00:04Z,Howard&#39;s Space Toilet Doesn&#39;t Work üöΩ | The Big Bang Theory #shorts
nIg6Fgkx_kk,2023-11-21T15:00:43Z,Stuart Looks Like an Oompa Loompa | The Big Bang Theory #shorts
orDUxNZYKdo,2023-11-19T19:00:24Z,Sheldon Is in Charge of Raj‚Äôs Finances | The Big Bang Theory
KBmKEcaAuZM,2023-11-19T15:00:20Z,Howdini&#39;s Greatest Trick | The Big Bang Theory #shorts
UsMzhz4NSyM,2023-11-18T15:00:23Z,The Counsel Of Sheldons Take Roll | The Big Bang Theory #shorts
g8Gr2dKJCaE,2023-11-16T20:00:17Z,Leonard and the Itchy Sweater | The Big Bang Theory #shorts
W2q0AY4U7CI,2023-11-15T19:00:11Z,Leonard Uses Trains To Get Rid of Sheldon | The Big Bang Theory
igpl2JPqpCk,2023-11-15T15:00:42Z,PMS? | The Big Bang Theory #shorts
pzkJuDPYk2Q,2023-11-14T15:00:42Z,Sheldon&#39;s Life Without Leonard | The Big Bang Theory #short
0ekq_qHXxIw,2023-11-11T19:00:00Z,The Baby Sounds Like Howard&#39;s Mom | The Big Bang Theory
4CAuuIdOlxo,2023-11-11T17:00:04Z,Bernadette Can Read Sheldon&#39;s Mind | The Big Bang Theory
eCi4ZtRGUVY,2023-11-06T17:00:39Z,Sheldon&#39;s Video Message to Himself | The Big Bang Theory
Yd47KlWK9x0,2023-11-05T19:00:24Z,Picking Teams for Paintball | The Big Bang Theory
-Ipw0_msT_U,2023-11-02T20:00:00Z,Sheldon Needs Closure | The Big Bang Theory
2BMI56oL_IQ,2023-11-02T18:00:01Z,Penny Likes Decisive Leonard | The Big Bang Theory
GecQwh2iwJY,2023-11-01T22:00:06Z,The Battle for Tenure | The Big Bang Theory
_Zdpa7EURbo,2023-11-01T20:33:56Z,The Closet and the Letter | The Big Bang Theory
SwtqBiL-M-4,2023-10-30T16:00:25Z,Penny &amp; Bernadette Dish on Raj | The Big Bang Theory
IgjULQ5A_Zc,2023-10-29T14:00:22Z,What Did Tam Do? | The Big Bang Theory
KMWbQvoae9s,2023-10-28T18:00:07Z,Funny Moments from Season 10 | The Big Bang Theory
TSbgevFmfPc,2023-10-17T20:00:08Z,Alex Hits on Leonard | The Big Bang Theory
_jOvSCMawGk,2023-10-12T16:00:32Z,The Comic Book Store is Packed | The Big Bang Theory
7aHlBW9hg8Y,2023-10-10T16:00:08Z,Penny&#39;s Drunken Video Message | The Big Bang Theory
TC_hbB_uApA,2023-10-07T18:00:09Z,Sheldon Gets Pulled Over | The Big Bang Theory
MgoG_L2N1oI,2023-10-05T18:00:22Z,Sheldon Tries Wearing Flip-Flops | The Big Bang Theory
glB6tm1ZNWM,2023-10-02T18:00:29Z,Penny is Sheldon&#39;s Babysitter | The Big Bang Theory
z435hywrRog,2023-10-02T16:00:49Z,Sheldon &amp; Amy Share a Toothbrush Holder | The Big Bang Theory
-XK5igy9ryY,2023-09-29T14:00:00Z,Sheldon Starts a College Fund for Howard&#39;s Baby | The Big Bang Theory
uiugfkrH9ak,2023-09-25T18:00:24Z,Sheldon&#39;s Birthday Gift for Amy | The Big Bang Theory
RMJoY2wOaPI,2023-09-23T14:00:20Z,Sick Sheldon is the WORST | The Big Bang Theory
UGGb8PX1ka0,2023-09-22T16:00:25Z,Funny Moments from Season 9 | The Big Bang Theory
wRW1lvGJotY,2023-09-21T22:00:38Z,Leonard and Penny Attempt to Date Again | The Big Bang Theory
lW4aE6xdcyE,2023-09-21T20:00:13Z,"Leonard Asks Penny on a Date, Again | The Big Bang Theory"
jXxlcSz3kIg,2023-09-20T16:00:41Z,The Sheldon Cooper Girlfriend Challenge | The Big Bang Theory
HzWzopeCCaY,2023-09-18T14:00:10Z,Funny Moments from Season 8 | The Big Bang Theory
WKlcrMJatkY,2023-09-17T14:00:18Z,Penny &amp; Sheldon Kiss | The Big Bang Theory
6YmwtJbUF_0,2023-09-13T14:00:03Z,Funny Moments from Season 7 | The Big Bang Theory
Fda0RZG9b0I,2023-09-12T18:00:06Z,Penny &amp; Sheldon Quiz Each Other | The Big Bang Theory
UoeZEUH6uu8,2023-09-12T16:00:19Z,The Government is After Howard | The Big Bang Theory
Hcgd9g_2iH0,2023-09-10T22:00:07Z,Funny Moments from Season 6 | The Big Bang Theory
JkBQ53wmn5s,2023-09-08T14:00:16Z,Howard&#39;s Mom Dies | The Big Bang Theory
1T6bJWyUi7o,2023-09-07T22:00:01Z,Professor Sheldon | The Big Bang Theory
rW0LVVEeod8,2023-09-07T20:00:12Z,Howard Meets Glenn | The Big Bang Theory
hSk08JDgyn8,2023-09-07T14:00:32Z,Leonard is Moving Out | The Big Bang Theory
75XdXdVa-B8,2023-09-05T20:06:44Z,Will You Marry Me? | The Big Bang Theory
wAXjyZa0dXQ,2023-09-05T16:00:46Z,Funny Moments from Season 5 | The Big Bang Theory
0DtNIc7YpFI,2023-09-01T22:30:00Z,Sheldon Goes to Jail | The Big Bang Theory
M_iHcDAurEE,2023-09-01T14:00:21Z,Sheldon Asks Penny Out | The Big Bang Theory
M_iHcDAurEE,2023-09-01T14:00:21Z,Sheldon Asks Penny Out | The Big Bang Theory
8CHayLFMvFM,2023-08-31T14:00:08Z,Funny Moments from Season 4 | The Big Bang Theory
URrq5bSJq2Q,2023-08-28T14:00:16Z,Funny Moments from Season 3 | The Big Bang Theory
q9GScvO-ZpE,2023-08-21T20:00:12Z,Sheldon&#39;s Girl-Date-Person | The Big Bang Theory
oVS7kTuzV1M,2023-08-21T14:00:35Z,Funny Moments from Season 1 | The Big Bang Theory
72fvP_tNNYM,2023-08-18T22:00:03Z,Sheldon Gets Hit On | The Big Bang Theory
tU8Tjdy6Ogg,2023-08-18T16:00:46Z,Foamy Vengeance | The Big Bang Theory
s5C6H7DPy2c,2023-08-18T14:00:43Z,Penny is Jealous of the New Girl | The Big Bang Theory
HfQAqnIG2_8,2023-08-17T16:00:14Z,Penny Goes to the Comic Book Store | The Big Bang Theory
dvjvYUOEjgg,2023-08-11T16:00:36Z,Howard &amp; Raj Get Diagnosed by Leonard&#39;s Mom | The Big Bang Theory
fuFcd5LoebQ,2023-07-28T22:00:19Z,Sheldon is a Football Genius | The Big Bang Theory
